train_rmsle,test_rmsle,num_folds
0.23910760738959672,0.2573498139625338,3
0.2388285711236025,0.2574164785761272,3
0.23853178387133767,0.25604461701358666,3
