train_rmsle,test_rmsle,num_folds
0.39882377524997586,0.4793491810655666,3
0.3981784464594692,0.47355358601629016,3
0.3963138044294022,0.47844243949667503,3
